<datapower-configuration version="3"><export-details><description>Exported Configuration</description><user>admin</user><domain>jwtTest</domain><comment/><product-id>software</product-id><product>IDG</product><display-product>IDG</display-product><model>IBM DataPower Gateway</model><display-model>IBM DataPower Gateway</display-model><device-name>6446271a717f</device-name><serial-number>0000001</serial-number><firmware-version>IDG.7.5.2.5</firmware-version><display-firmware-version>IDG.7.5.2.5</display-firmware-version><firmware-build>286209</firmware-build><firmware-timestamp>2017/04/06 09:28:33</firmware-timestamp><current-date>2017-06-26</current-date><current-time>06:41:55 EDT</current-time><reset-date>2017-06-26</reset-date><reset-time>02:48:34 EDT</reset-time><login-message/><custom-ui-file/></export-details><interface-data><interface name="eth0" type="Ethernet" vers="ipv4" ip-addr="172.17.0.2"/><interface name="eth0" type="Ethernet" vers="ipv6" ip-addr="fe80::42:acff:fe11:2"/></interface-data><configuration domain="jwtTest"><StylePolicyAction name="dynamicJwtValidation-main_gatewayscript_1" xmlns:env="http://www.w3.org/2003/05/soap-envelope" xmlns:dp="http://www.datapower.com/schemas/management">
<mAdminState>enabled</mAdminState>
<Type>gatewayscript</Type>
<Input>INPUT</Input>
<TransformLanguage>none</TransformLanguage>
<GatewayScriptLocation>local:///policy/dynamicJwtValidation/dynamicJwtValidation.js</GatewayScriptLocation>
<ActionDebug persisted="false">off</ActionDebug>
<Output>OUTPUT</Output>
<NamedInOutLocationType>default</NamedInOutLocationType>
<SSLClientConfigType>proxy</SSLClientConfigType>
<Transactional>off</Transactional>
<SOAPValidation>body</SOAPValidation>
<SQLSourceType>static</SQLSourceType>
<JWSVerifyStripSignature>on</JWSVerifyStripSignature>
<Asynchronous>off</Asynchronous>
<ResultsMode>first-available</ResultsMode>
<RetryCount>0</RetryCount>
<RetryInterval>1000</RetryInterval>
<MultipleOutputs>off</MultipleOutputs>
<IteratorType>XPATH</IteratorType>
<Timeout>0</Timeout>
<MethodRewriteType>GET</MethodRewriteType>
<MethodType>POST</MethodType>
<MethodType2>POST</MethodType2></StylePolicyAction><StylePolicyRule name="dynamicJwtValidation-main" xmlns:env="http://www.w3.org/2003/05/soap-envelope" xmlns:dp="http://www.datapower.com/schemas/management">
<mAdminState>enabled</mAdminState>
<Direction>request-rule</Direction>
<InputFormat>none</InputFormat>
<OutputFormat>none</OutputFormat>
<NonXMLProcessing>off</NonXMLProcessing>
<Unprocessed>off</Unprocessed>
<Actions class="StylePolicyAction">dynamicJwtValidation-main_gatewayscript_1</Actions></StylePolicyRule></configuration><files><file name="local:///policy/dynamicJwtValidation/dynamicJwtValidation.js" src="local/policy/dynamicJwtValidation/dynamicJwtValidation.js" location="local" hash="EIcT/1iTFNWGRzd916JyBCCPmlQ="/><file name="webgui:///clixform.xsl" src="dp-aux/clixform.xsl" location="dp-aux" internal="true" hash="PNoW82UE/QTTtzh9kAREBKHtp3E="/><file name="webgui:///SchemaUtil.xsl" src="dp-aux/SchemaUtil.xsl" location="dp-aux" internal="true" hash="YWjVARwxJCW3zkIbcgQw2UJL1kM="/><file name="webgui:///management.xsl" src="dp-aux/management.xsl" location="dp-aux" internal="true" hash="jaVBcAZOZmnnAJfQcSbjdqhK1ks="/><file name="webgui:///map-dmz.xsl" src="dp-aux/map-dmz.xsl" location="dp-aux" internal="true" hash="n00B2bmGoH6OdSOW1QRz/SNVbYc="/><file name="webgui:///drMgmt.xml" src="dp-aux/drMgmt.xml" location="dp-aux" internal="true" hash="byBOuESqkGeBgmDps4BA7wkNr34="/><file name="webgui:///basetypes.xml" src="dp-aux/basetypes.xml" location="dp-aux" internal="true" hash="UkIc6sKzykqNpmVlsHF89TLn2Qo="/></files></datapower-configuration>