<datapower-configuration version="3"><export-details><description>Exported Configuration</description><user>admin</user><domain>dev</domain><comment/><product-id>5725</product-id><product>IDG</product><display-product>IDG</display-product><model>IBM DataPower Gateway</model><display-model>IBM DataPower Gateway</display-model><device-name>192.168.61.52:9090</device-name><serial-number>0000000</serial-number><firmware-version>IDG.7.5.2.7</firmware-version><display-firmware-version>IDG.7.5.2.7</display-firmware-version><firmware-build>287833</firmware-build><firmware-timestamp>2017/05/19 06:32:54</firmware-timestamp><current-date>2017-06-15</current-date><current-time>19:48:21 UTC</current-time><reset-date>2017-06-15</reset-date><reset-time>15:36:22 UTC</reset-time><login-message/><custom-ui-file/></export-details><interface-data><interface name="eth0" type="Ethernet" vers="ipv4" ip-addr="192.168.61.52"/></interface-data><configuration domain="dev"><StylePolicyAction name="fwdClientCreds-main_gatewayscript_0" xmlns:env="http://www.w3.org/2003/05/soap-envelope" xmlns:dp="http://www.datapower.com/schemas/management">
<mAdminState>enabled</mAdminState>
<Type>gatewayscript</Type>
<Input>INPUT</Input>
<TransformLanguage>none</TransformLanguage>
<GatewayScriptLocation>local:///policy/fwdClientCreds/fwdClientCreds.js</GatewayScriptLocation>
<ActionDebug persisted="false">off</ActionDebug>
<Output>OUTPUT</Output>
<NamedInOutLocationType>default</NamedInOutLocationType>
<SSLClientConfigType>proxy</SSLClientConfigType>
<Transactional>off</Transactional>
<SOAPValidation>body</SOAPValidation>
<SQLSourceType>static</SQLSourceType>
<JWSVerifyStripSignature>on</JWSVerifyStripSignature>
<Asynchronous>off</Asynchronous>
<ResultsMode>first-available</ResultsMode>
<RetryCount>0</RetryCount>
<RetryInterval>1000</RetryInterval>
<MultipleOutputs>off</MultipleOutputs>
<IteratorType>XPATH</IteratorType>
<Timeout>0</Timeout>
<MethodRewriteType>GET</MethodRewriteType>
<MethodType>POST</MethodType>
<MethodType2>POST</MethodType2></StylePolicyAction><StylePolicyRule name="fwdClientCreds-main" xmlns:env="http://www.w3.org/2003/05/soap-envelope" xmlns:dp="http://www.datapower.com/schemas/management">
<mAdminState>enabled</mAdminState>
<Direction>request-rule</Direction>
<InputFormat>none</InputFormat>
<OutputFormat>none</OutputFormat>
<NonXMLProcessing>off</NonXMLProcessing>
<Unprocessed>off</Unprocessed>
<Actions class="StylePolicyAction">fwdClientCreds-main_gatewayscript_0</Actions></StylePolicyRule></configuration><files><file name="local:///policy/fwdClientCreds/fwdClientCreds.js" src="local/policy/fwdClientCreds/fwdClientCreds.js" location="local" hash="w9nVF7pChtPJvdyjpK1B1SY663w="/><file name="webgui:///clixform.xsl" src="dp-aux/clixform.xsl" location="dp-aux" internal="true" hash="PNoW82UE/QTTtzh9kAREBKHtp3E="/><file name="webgui:///SchemaUtil.xsl" src="dp-aux/SchemaUtil.xsl" location="dp-aux" internal="true" hash="YWjVARwxJCW3zkIbcgQw2UJL1kM="/><file name="webgui:///management.xsl" src="dp-aux/management.xsl" location="dp-aux" internal="true" hash="jaVBcAZOZmnnAJfQcSbjdqhK1ks="/><file name="webgui:///map-dmz.xsl" src="dp-aux/map-dmz.xsl" location="dp-aux" internal="true" hash="n00B2bmGoH6OdSOW1QRz/SNVbYc="/><file name="webgui:///drMgmt.xml" src="dp-aux/drMgmt.xml" location="dp-aux" internal="true" hash="hUdejK+y0f5JiQGZAORRYTqpLL4="/><file name="webgui:///basetypes.xml" src="dp-aux/basetypes.xml" location="dp-aux" internal="true" hash="UkIc6sKzykqNpmVlsHF89TLn2Qo="/></files></datapower-configuration>